발표일,시간,실제,예측,이전,
2022년 12월 15일,4:00,,,,
2022년 11월 03일,3:00,4.00%,4.00%,3.25%,
2022년 09월 22일,3:00,3.25%,3.25%,2.50%,
2022년 07월 28일,3:00,2.50%,2.50%,1.75%,
2022년 06월 16일,3:00,1.75%,1.50%,1.00%,
2022년 05월 05일,3:00,1.00%,1.00%,0.50%,
2022년 03월 17일,3:00,0.50%,0.50%,0.25%,
2022년 01월 27일,4:00,0.25%,0.25%,0.25%,
2021년 12월 16일,4:00,0.25%,0.25%,0.25%,
2021년 11월 04일,3:00,0.25%,0.25%,0.25%,
2021년 09월 23일,3:00,0.25%,0.25%,0.25%,
2021년 07월 29일,3:00,0.25%,0.25%,0.25%,
2021년 06월 17일,3:00,0.25%,0.25%,0.25%,
2021년 04월 29일,3:00,0.25%,0.25%,0.25%,
2021년 03월 18일,3:00,0.25%,0.25%,0.25%,
2021년 01월 28일,4:00,0.25%,0.25%,0.25%,
2020년 12월 17일,4:00,0.25%,0.25%,0.25%,
2020년 11월 06일,4:00,0.25%,0.25%,0.25%,
2020년 09월 17일,3:00,0.25%,0.25%,0.25%,
2020년 07월 30일,3:00,0.25%,0.25%,0.25%,
2020년 06월 11일,3:00,0.25%,0.25%,0.25%,
2020년 04월 30일,3:00,0.25%,0.25%,0.25%,
2020년 03월 16일,6:00,0.25%,,1.25%,
2020년 03월 04일,0:00,1.25%,,1.75%,
2020년 01월 30일,4:00,1.75%,1.75%,1.75%,
2019년 12월 12일,4:00,1.75%,1.75%,1.75%,
2019년 10월 31일,3:00,1.75%,1.75%,2.00%,
2019년 09월 19일,3:00,2.00%,2.00%,2.25%,
2019년 08월 01일,3:00,2.25%,2.25%,2.50%,
2019년 06월 20일,3:00,2.50%,2.50%,2.50%,
2019년 05월 02일,3:00,2.50%,2.50%,2.50%,
2019년 03월 21일,3:00,2.50%,2.50%,2.50%,
2019년 01월 31일,4:00,2.50%,2.50%,2.50%,
2018년 12월 20일,4:00,2.50%,2.50%,2.25%,
2018년 11월 09일,4:00,2.25%,2.25%,2.25%,
2018년 09월 27일,3:00,2.25%,2.25%,2.00%,
2018년 08월 02일,3:00,2.00%,2.00%,2.00%,
2018년 06월 14일,3:00,2.00%,2.00%,1.75%,
2018년 05월 03일,3:00,1.75%,1.75%,1.75%,
2018년 03월 22일,3:00,1.75%,1.75%,1.50%,
2018년 02월 01일,4:00,1.50%,1.50%,1.50%,
2017년 12월 14일,4:00,1.50%,1.50%,1.25%,
2017년 11월 02일,3:00,1.25%,1.25%,1.25%,
2017년 09월 21일,3:00,1.25%,1.25%,1.25%,
2017년 07월 27일,3:00,1.25%,1.25%,1.25%,
2017년 06월 15일,3:00,1.25%,1.25%,1.00%,
2017년 05월 04일,3:00,1.00%,1.00%,1.00%,
2017년 03월 16일,3:00,1.00%,1.00%,0.75%,
2017년 02월 02일,4:00,0.75%,0.75%,0.75%,
2016년 12월 15일,4:00,0.75%,0.75%,0.50%,
2016년 11월 03일,3:00,0.50%,0.50%,0.50%,
2016년 09월 22일,3:00,0.50%,0.50%,0.50%,
2016년 07월 28일,3:00,0.50%,0.50%,0.50%,
2016년 06월 16일,3:00,0.50%,0.50%,0.50%,
2016년 04월 28일,3:00,0.50%,0.50%,0.50%,
2016년 03월 17일,3:00,0.50%,0.50%,0.50%,
2016년 01월 28일,4:00,0.50%,0.50%,0.50%,
2015년 12월 17일,4:00,0.50%,0.50%,0.25%,
2015년 10월 29일,3:00,0.25%,0.25%,0.25%,
2015년 09월 18일,3:00,0.25%,0.25%,0.25%,
2015년 07월 30일,3:00,0.25%,0.25%,0.25%,
2015년 06월 18일,3:00,0.25%,0.25%,0.25%,
2015년 04월 30일,3:00,0.25%,0.25%,0.25%,
2015년 03월 19일,3:00,0.25%,0.25%,0.25%,
2015년 01월 29일,4:00,0.25%,0.25%,0.25%,
2014년 12월 18일,4:00,0.25%,0.25%,0.25%,
2014년 10월 30일,3:00,0.25%,0.25%,0.25%,
2014년 09월 18일,3:00,0.25%,0.25%,0.25%,
2014년 07월 31일,3:00,0.25%,0.25%,0.25%,
2014년 06월 19일,3:00,0.25%,0.25%,0.25%,
2014년 05월 01일,3:00,0.25%,0.25%,0.25%,
2014년 03월 20일,3:00,0.25%,0.25%,0.25%,
2014년 01월 30일,4:00,0.25%,0.25%,0.25%,
2013년 12월 19일,4:00,0.25%,0.25%,0.25%,
2013년 10월 31일,3:00,0.25%,0.25%,0.25%,
2013년 09월 19일,3:00,0.25%,0.25%,0.25%,
2013년 08월 01일,3:00,0.25%,0.25%,0.25%,
2013년 06월 20일,3:00,0.25%,0.25%,0.25%,
2013년 05월 02일,3:00,0.25%,0.25%,0.25%,
2013년 03월 21일,3:00,0.25%,0.25%,0.25%,
2013년 01월 31일,4:15,0.25%,0.25%,0.25%,
2012년 12월 13일,2:30,0.25%,0.25%,0.25%,
2011년 12월 14일,04:15,0.25%,0.25%,0.25%	
